first,last,draft_year,pos1,pos2,height,weight,wingspan,standing_reach
Ochai,Agbaji,2022,G,,76,217,82.25,104.0
Patrick,Baldwin Jr.,2022,F,,81,231,85.75,110.5
Dominick,Barlow,2022,F,,81,221,87.0,108.5
MarJon,Beauchamp,2022,G,,77,197,84.75,106.0
Hugo,Besson,2022,G,,76,180,77.5,102.0
Malaki,Branham,2022,G,,76,195,82.0,102.5
Christian,Braun,2022,G,,78,209,78.5,99.5
Kendall,Brown,2022,F,,78,201,83.0,103.0
John,Butler Jr.,2022,F,,84,174,86.25,112.0
Julian,Champagnie,2022,F,,78,212,82.0,107.0
Kennedy,Chandler,2022,G,,72,172,77.25,97.0
Max,Christie,2022,G,,76,189,80.75,102.5
Kofi,Cockburn,2022,C,,83,293,88.25,110.5
Dyson,Daniels,2022,G,,78,195,82.5,105.0
Johnny,Davis,2022,G,,76,196,80.5,103.5
JD,Davison,2022,G,,72,192,78.5,99.5
Moussa,Diabate,2022,C,,81,217,86.5,109.5
Tari,Eason,2022,F,,79,217,86.0,107.5
Keon,Ellis,2022,G,,76,167,80.5,102.0
Michael,Foster Jr.,2022,C,,80,237,84.25,109.5
Collin,Gillespie,2022,G,,74,196,76.0,98.0
Ron,Harper Jr.,2022,F,,76,240,85.25,105.5
Harrison,Ingram,2022,F,,77,233,84.25,103.5
Nikola,Jovic,2022,F,,82,223,84.25,108.5
Johnny,Juzang,2022,G,,77,209,83.0,102.5
Trevor,Keels,2022,G,,75,224,79.25,101.0
Walker,Kessler,2022,C,,84,256,88.25,113.0
Christian,Koloko,2022,C,,83,221,89.25,113.0
Jake,LaRavia,2022,F,,79,227,81.5,104.0
Justin,Lewis,2022,F,,78,235,86.5,105.5
E.J.,Liddell,2022,F,,78,243,83.75,103.5
Bennedict,Mathurin,2022,G,,76,205,81.0,104.0
Matthew,Mayer,2022,F,,80,216,82.5,105.0
Bryce,McGowens,2022,G,,77,181,80.75,103.5
Leonard,Miller,2022,F,,80,211,86.0,106.5
Aminu,Mohammed,2022,G,F,76,213,83.0,104.0
Iverson,Molinar,2022,G,,74,183,80.0,101.0
Jean,Montero,2022,G,,73,172,77.25,98.5
Wendell,Moore,2022,G,,76,217,84.5,101.0
Andrew,Nembhard,2022,G,,75,196,77.75,99.0
Scotty,Pippen Jr.,2022,G,,72,180,77.75,95.5
Gabriele,Procida,2022,G,F,78,193,80.0,106.0
Orlando,Robinson,2022,C,,82,244,88.0,111.0
David,Roddy,2022,F,,76,261,83.5,105.0
Ryan,Rollins,2022,G,,74,179,81.75,100.5
Dereon,Seabron,2022,G,,77,182,80.75,103.5
Shaedon,Sharpe,2022,G,,76,198,83.5,103.5
Terquavion,Smith,2022,G,,74,165,78.5,98.0
Matteo,Spagnolo,2022,G,,76,196,80.0,102.0
Julian,Strawther,2022,F,,78,208,81.5,104.5
Dalen,Terry,2022,G,,78,195,84.75,106.0
Drew,Timme,2022,C,,80,232,86.0,107.5
Jabari,Walker,2022,F,,79,214,82.75,105.0
TyTy,Washington Jr.,2022,G,,74,196,80.0,99.5
Peyton,Watson,2022,F,,79,203,84.5,107.5
Blake,Wesley,2022,G,,75,187,81.25,103.0
Alondes,Williams,2022,G,,76,209,79.0,102.0
Jalen,Williams,2022,G,,76,209,86.25,105.5
Jaylin,Williams,2022,C,,81,237,85.0,108.5
Mark,Williams,2022,C,,84,242,90.5,117.0
Trevion,Williams,2022,C,,79,265,86.75,108.5
Max,Abmas,2021,G,,70,162,73.75,94.0
Marcus,Bagley,2021,F,,78,217,83.0,102.5
Scottie,Barnes,2021,F,,79,225,86.75,108.0
Charles,Bassey,2021,C,,81,230,87.0,107.5
Brandon,Boston Jr.,2021,F,,78,188,82.75,104.0
James,Bouknight,2021,G,,76,190,80.25,101.5
Greg,Brown III,2021,F,,79,206,84.25,107.0
Jared,Butler,2021,G,,74,193,76.0,98.5
Justin,Champagnie,2021,F,,78,206,81.5,104.0
Josh,Christopher,2021,G,,75,215,81.25,101.0
Ayo,Dosunmu,2021,G,,76,194,82.25,102.0
David,Duke Jr.,2021,G,,76,204,80.75,102.5
Kessler,Edwards,2021,F,,79,203,83.25,106.0
Luka,Garza,2021,C,,82,243,85.5,107.5
RaiQuan,Gray,2021,F,,78,269,82.75,105.0
Quentin,Grimes,2021,G,,76,205,80.0,101.0
Sam,Hauser,2021,F,,79,217,81.25,102.0
Aaron,Henry,2021,F,,76,210,82.75,103.5
Ariel,Hukporti,2021,C,,83,246,86.5,111.5
Matt,Hurt,2021,F,,80,232,81.5,106.5
Nah'Shon,Hyland,2021,G,,74,169,81.25,101.5
David,Johnson,2021,G,,75,203,82.5,104.0
Jalen,Johnson,2021,F,,80,210,84.25,106.0
Keon,Johnson,2021,G,,76,185,79.25,97.0
Carlik,Jones,2021,G,,72,174,77.0,97.5
Herbert,Jones,2021,F,,78,206,84.25,106.0
Kai,Jones,2021,F,,82,221,85.75,110.5
Corey,Kispert,2021,F,,78,224,79.0,102.0
AJ,Lawson,2021,G,F,78,179,78.75,99.5
Scottie,Lewis,2021,F,,76,188,84.0,101.5
Isaiah,Livers,2021,F,,78,232,81.25,104.5
Makur,Maker,2021,C,,82,232,85.75,112.0
Sandro,Mamukelashvili,2021,C,,81,240,85.25,106.5
Tre,Mann,2021,G,,75,178,76.0,98.5
Miles,McBride,2021,G,,73,195,80.75,99.5
Davion,Mitchell,2021,G,,72,202,76.25,96.5
Isaiah,Mobley,2021,F,,80,238,87.0,107.5
Moses,Moody,2021,G,,76,211,84.75,105.0
Trey,Murphy III,2021,F,,80,206,84.0,105.5
Daishen,Nix,2021,G,,75,226,78.75,100.0
John,Petty Jr.,2021,G,,76,186,81.5,103.5
Yves,Pons,2021,F,,78,206,84.75,104.0
Jason,Preston,2021,G,,75,181,80.5,100.5
Joshua,Primo,2021,G,,76,189,81.25,102.5
Roko,Prkacin,2021,F,,80,225,83.0,107.0
Neemias,Queta,2021,C,,83,248,88.0,112.5
Austin,Reaves,2021,G,,76,197,78.25,101.0
Jeremiah,Robinson-Earl,2021,F,,80,242,81.75,105.5
Terrence,Shannon Jr.,2021,F,,78,207,80.25,100.0
Jericho,Sims,2021,C,,81,250,87.25,106.0
Jaden,Springer,2021,G,,75,202,79.75,99.0
DJ,Steward,2021,G,,73,162,79.0,98.5
JT,Thor,2021,F,,80,203,87.25,110.0
Isaiah,Todd,2021,F,,81,219,85.25,107.5
Duane,Washington Jr.,2021,G,,74,197,79.75,101.0
Trendon,Watford,2021,F,,80,237,86.25,105.0
Joe,Wieskamp,2021,F,,78,205,83.0,103.0
Aaron,Wiggins,2021,G,F,76,190,81.75,103.0
Ziaire,Williams,2021,F,,80,188,82.25,106.5
McKinley,Wright IV,2021,G,,71,192,77.25,94.0
Moses,Wright,2021,F,,80,226,84.75,107.0
Marcus,Zegarowski,2021,G,,73,181,74.75,96.0
Precious,Achiuwa,2020,F,,80,234,84.75,108.5
Ty-Shon,Alexander,2020,G,,74,201,80.0,100.0
Udoka,Azubuike,2020,C,,82,260,91.25,109.0
Tyler,Bey,2020,F,,78,213,85.25,105.5
Yoeli,Childs,2020,F,,78,226,83.5,106.0
Mamadi,Diakite,2020,F,,80,222,87.75,107.0
Devon,Dotson,2020,G,,72,185,75.0,95.0
Paul,Eboua,2020,F,F,78,222,87.5,108.0
CJ,Elleby,2020,G,F,78,199,79.25,100.5
Trent,Forrest,2020,G,,76,203,79.5,102.5
Josh,Green,2020,G,F,76,214,81.75,101.5
Ashton,Hagans,2020,G,,74,193,80.0,99.5
Joshua,Hall,2020,F,,78,197,83.0,104.5
Jalen,Harris,2020,G,,75,193,79.0,97.5
Markus,Howard,2020,G,,70,171,72.25,91.5
Elijah,Hughes,2020,G,F,77,229,79.5,101.5
Isaiah,Joe,2020,G,,75,170,79.5,101.0
Mason,Jones,2020,G,,76,207,79.0,102.5
Nathan,Knight,2020,F,C,80,235,86.0,109.5
Theo,Maledon,2020,G,,76,187,80.75,100.5
Karim,Mane,2020,G,G,77,196,83.0,102.0
Naji,Marshall,2020,F,,78,234,84.75,102.5
Kenyon,Martin Jr.,2020,F,F,78,213,79.25,102.0
Skylar,Mays,2020,G,,75,204,78.0,99.0
Zeke,Nnaji,2020,F,C,81,247,86.0,105.5
Jordan,Nwora,2020,F,F,78,223,82.25,104.0
Reggie,Perry,2020,F,C,80,250,84.25,106.5
Myles,Powell,2020,G,G,72,194,79.0,99.0
Immanuel,Quickley,2020,G,,74,186,80.25,99.0
Jahmi'us,Ramsey,2020,G,,74,193,78.0,100.5
Paul,Reed Jr.,2020,F,,80,219,86.0,109.5
Nick,Richards,2020,C,,82,242,86.25,110.0
Grant,Riller,2020,G,G,72,178,77.25,96.5
Jayden,Scrubb,2020,G,F,77,185,81.5,104.5
Jalen,Smith,2020,F,C,81,225,86.25,110.0
Cassius,Stanley,2020,G,,77,202,79.0,99.5
Lamar,Stevens,2020,F,F,78,228,81.0,101.0
Isaiah,Stewart,2020,C,,79,243,88.75,108.5
Tyrell,Terry,2020,G,,74,170,73.75,96.0
Killian,Tillie,2020,F,,81,222,80.0,106.0
Xavier,Tillman Sr.,2020,F,C,80,266,86.0,106.0
Kaleb,Wesson,2020,C,,81,253,87.5,111.5
Kahlil,Whitney,2020,F,,78,205,84.25,105.5
Cassius,Winston,2020,G,,72,196,78.0,97.0
Robert,Woodard II,2020,F,,78,230,86.0,105.5
Nickeil,Alexander-Walker,2019,G,,76,204,81.5,102.0
Darius,Bazley,2019,F,,80,208,84.0,107.0
Bol,Bol,2019,C,,85,208,91.0,115.5
Jordan,Bone,2019,G,,74,179,75.25,95.0
Brian,Bowen II,2019,F,,78,200,82.0,103.0
Ky,Bowman,2019,G,,73,181,79.0,98.0
Ignas,Brazdeikis,2019,F,,78,221,81.25,102.0
O'Shae,Brissett,2019,F,F,79,203,84.0,104.0
Moses,Brown,2019,C,,85,237,88.75,113.0
Brandon,Clarke,2019,F,,79,207,80.25,102.0
Nicolas,Claxton,2019,C,,82,217,86.5,110.0
Tyler,Cook,2019,F,,79,245,84.5,106.5
Jarrett,Culver,2019,G,,77,194,81.5,100.5
Terence,Davis,2019,G,,75,192,80.75,101.0
Luguentz,Dort,2019,G,,75,222,80.5,99.5
Carsen,Edwards,2019,G,,71,199,78.0,94.5
Tacko,Fall,2019,C,,89,289,98.25,122.5
Bruno,Fernando,2019,C,,81,237,87.25,110.0
Daniel,Gafford,2019,F,,81,238,86.25,110.0
Kyle,Guy,2019,G,,73,168,76.5,95.5
Jaylen,Hands,2019,G,,74,180,77.5,97.0
Jared,Harper,2019,G,,70,169,77.5,94.0
Jaxson,Hayes,2019,F,,82,219,87.5,110.5
Dewan,Hernandez,2019,C,,81,233,85.75,107.0
Tyler,Herro,2019,G,,76,192,75.25,100.5
Jalen,Hoard,2019,F,,79,213,84.75,105.5
Talen,Horton-Tucker,2019,G,,74,235,85.25,103.0
DaQuan,Jeffries,2019,F,F,76,216,83.25,104.0
Ty,Jerome,2019,G,,76,194,76.0,98.0
Cameron,Johnson,2019,G,,79,205,82.0,103.0
Keldon,Johnson,2019,G,,77,216,81.25,104.0
Mfiondu,Kabengele,2019,F,,81,256,87.0,109.5
Louis,King,2019,F,,79,195,84.25,104.5
Romeo,Langford,2019,G,,76,,83.0,103.0
Dedric,Lawson,2019,F,,79,233,86.25,107.5
Jalen,Lecque,2019,G,,74,185,80.5,98.5
Nassir,Little,2019,F,,76,224,85.25,104.5
Terance,Mann,2019,G,F,77,205,79.75,101.0
Cody,Martin,2019,G,G,77,192,82.25,102.5
Charles,Matthews,2019,G,,77,195,81.5,103.0
Jalen,McDaniels,2019,F,,80,192,84.25,105.5
Zach,Norvell Jr.,2019,G,,76,206,78.0,101.0
Jaylen,Nowell,2019,G,,75,202,79.25,98.0
KZ,Okpala,2019,F,,79,210,85.75,106.5
Miye,Oni,2019,G,,76,206,82.75,100.5
Eric,Paschall,2019,F,,78,254,83.75,103.5
Shamorie,Ponds,2019,G,,72,180,75.5,96.5
Jordan,Poole,2019,G,,76,191,78.75,99.5
Kevin,Porter Jr.,2019,G,,76,213,81.0,103.0
Jontay,Porter,2019,F,,82,210,84.0,109.5
Cameron,Reddish,2019,F,,78,208,84.5,105.5
Naz,Reid,2019,F,,81,256,87.25,109.0
Isaiah,Roby,2019,F,,79,214,85.0,106.0
Luka,Samanic,2019,F,,82,227,82.5,107.0
Admiral,Schofield,2019,F,,76,241,81.75,102.5
Marial,Shayok,2019,F,F,76,197,84.25,103.5
Simisola,Shittu,2019,F,,80,227,85.25,106.0
P.J.,Washington,2019,F,,78,230,86.25,106.5
Tremont,Waters,2019,G,,70,172,74.25,93.5
Quinndary,Weatherspoon,2019,G,,75,207,81.0,100.0
Coby,White,2019,G,,76,191,77.0,97.5
Kris,Wilkes,2019,F,,78,209,82.75,103.0
Grant,Williams,2019,F,,78,240,81.75,104.5
Dylan,Windler,2019,F,,78,196,82.0,104.5
Rawle,Alkins,2018,G,,75,217,80.75,99.0
Grayson,Allen,2018,G,,75,198,79.25,97.0
Kostas,Antetokounmpo,2018,F,,81,195,86.25,110.0
Mohamed,Bamba,2018,C,,83,226,94.0,115.5
Jaylen,Barford,2018,G,G,73,208,75.5,96.5
Keita,Bates-Diop,2018,G,F,79,224,87.25,106.5
Tyus,Battle,2018,G,,77,200,81.0,102.0
Brian,Bowen,2018,G,F,78,202,82.25,103.5
Miles,Bridges,2018,F,,77,220,81.5,103.5
Bruce,Brown,2018,G,G,76,195,81.0,98.5
Troy,Brown,2018,F,,78,208,82.25,105.0
Jalen,Brunson,2018,G,,73,198,76.0,96.0
Tony,Carr,2018,G,,75,199,80.25,100.0
Jevon,Carter,2018,G,,72,196,76.25,95.0
Wendell,Carter,2018,F,C,81,251,88.5,109.0
Hamidou,Diallo,2018,G,,76,197,83.5,103.0
Donte,DiVincenzo,2018,G,,76,201,78.0,97.5
Trevon,Duval,2018,G,,74,191,80.25,97.5
Jacob,Evans,2018,G,F,76,200,81.25,102.5
Keenan,Evans,2018,G,,74,183,77.25,98.0
Melvin,Frazier,2018,G,F,76,198,85.75,105.0
Shai,Gilgeous-Alexander,2018,G,,76,180,83.5,104.0
Devonte,Graham,2018,G,,72,186,78.25,96.0
Isaac,Haas,2018,C,,85,303,89.0,111.5
Devon,Hall,2018,G,,76,206,79.75,102.0
Kevin,Hervey,2018,F,,78,212,87.5,107.0
Aaron,Holiday,2018,G,,72,187,79.5,97.0
Kevin,Huerter,2018,G,,78,194,79.5,101.5
Jaren,Jackson,2018,F,C,82,236,89.25,110.0
Justin,Jackson,2018,F,,78,229,87.0,105.0
Alize,Johnson,2018,F,,79,217,80.75,103.0
George,King,2018,G,F,77,219,83.5,101.5
Kevin,Knox,2018,F,,80,213,83.75,108.0
Sagaba,Konate,2018,C,,78,246,84.0,106.5
Caleb,Martin,2018,G,F,77,196,82.0,101.5
Yante,Maten,2018,F,C,79,246,84.5,107.5
Brandon,McCoy,2018,C,,84,250,86.0,110.5
DeAnthony,Melton,2018,G,G,74,193,80.5,99.5
Chimezie,Metu,2018,F,C,80,220,84.5,108.0
Shake,Milton,2018,G,G,76,207,84.75,99.5
Sviatoslav,Mykhailiuk,2018,G,F,78,212,76.75,100.0
Malik,Newman,2018,G,,74,189,77.5,98.5
Josh,Okogie,2018,G,,75,211,84.0,102.0
Theo,Pinson,2018,G,F,77,211,82.75,103.5
Michael,Porter,2018,F,F,82,211,84.25,108.5
Billy,Preston,2018,F,,81,222,86.0,108.0
Jerome,Robinson,2018,G,,76,188,79.25,98.0
Collin,Sexton,2018,G,,72,183,79.25,98.5
Landry,Shamet,2018,G,,76,189,78.75,100.0
Anfernee,Simons,2018,G,G,74,183,81.25,99.5
Zhaire,Smith,2018,G,F,75,199,81.75,100.0
Ray,Spalding,2018,F,,81,215,88.75,109.0
Omari,Spellman,2018,F,C,80,254,86.0,107.5
Khyri,Thomas,2018,G,,74,199,82.5,101.0
Gary,Trent,2018,G,,76,204,80.75,98.0
Allonzo,Trier,2018,G,,76,198,78.75,98.0
Moritz,Wagner,2018,F,C,82,241,84.0,108.0
Lonnie,Walker,2018,G,,76,196,82.25,99.5
PJ,Washington,2018,F,,78,223,86.5,107.0
Austin,Wiley,2018,C,,80,249,89.0,111.0
Kenrich,Williams,2018,F,,78,200,79.25,103.5
Trae,Young,2018,G,,72,178,75.0,95.5
Edrice,Adebayo,2017,F,C,81,243,86.75,108.0
Jarrett,Allen,2017,C,,81,234,89.25,109.5
Kadeem,Allen,2017,G,,73,192,81.25,99.5
Ike,Anigbogu,2017,C,,80,252,90.25,110.5
OG,Anunoby,2017,F,,78,232,86.25,107.5
Jamel,Artis,2017,G,F,78,213,82.0,105.0
Dwayne,Bacon,2017,G,F,77,222,82.0,103.5
V.J.,Beachem,2017,G,F,78,193,82.25,104.5
Jordan,Bell,2017,F,,79,224,83.75,104.5
Jaron,Blossomgame,2017,F,,78,219,82.0,104.5
Chris,Boucher,2017,F,,80,182,88.0,110.5
Tony,Bradley,2017,C,,81,249,89.0,112.5
Isaiah,Briscoe,2017,G,,73,222,81.0,99.5
Dillon,Brooks,2017,G,F,77,220,78.0,100.5
Thomas,Bryant,2017,F,C,82,248,90.0,112.5
John,Collins,2017,F,,80,225,83.25,106.5
Zach,Collins,2017,F,C,82,232,85.0,111.0
Tyler,Dorsey,2017,G,,75,183,77.25,99.5
Damyean,Dotson,2017,G,F,76,205,81.0,100.0
PJ,Dozier,2017,G,,77,201,83.0,101.0
Jawun,Evans,2017,G,,71,185,77.5,95.0
Terrance,Ferguson,2017,G,F,78,184,80.75,103.0
De'Aaron,Fox,2017,G,,74,170,78.5,100.0
Harry,Giles,2017,F,,81,232,87.25,109.5
Nigel,Hayes,2017,F,,78,254,87.25,104.5
Isaiah,Hicks,2017,F,,79,233,84.5,105.0
Wesley,Iwundu,2017,G,F,78,193,85.0,105.5
Frank,Jackson,2017,G,,74,202,79.5,98.0
Justin A.,Jackson,2017,F,,79,201,83.0,104.5
Peter,Jok,2017,G,F,76,202,80.0,102.0
Luke,Kennard,2017,G,F,76,196,77.25,98.5
Kyle,Kuzma,2017,G,F,80,223,84.25,107.5
TJ,Leaf,2017,F,,81,222,83.0,107.0
Tyler,Lydon,2017,F,,80,215,84.0,107.5
Frank,Mason III,2017,G,,71,189,75.25,94.0
Kennedy,Meeks,2017,C,,81,277,85.0,106.0
Donovan,Mitchell,2017,G,,73,211,82.0,97.0
Monte,Morris,2017,G,,73,175,76.0,96.5
Johnathan,Motley,2017,F,,80,238,88.0,108.0
Svi,Mykhailiuk,2017,G,F,78,220,77.0,100.0
Semi,Ojeleye,2017,G,F,77,241,81.75,102.0
Cameron,Oliver,2017,F,,79,239,85.25,106.5
Justin,Patton,2017,C,,82,229,87.0,111.5
Alec,Peters,2017,F,,79,232,82.75,105.0
Ivan,Rabb,2017,F,,81,220,85.5,109.0
Davon,Reed,2017,G,F,76,206,84.0,102.0
Devin,Robinson,2017,F,,79,190,84.75,106.0
Kobi,Simmons,2017,G,,75,166,78.0,99.0
Edmond,Sumner,2017,G,,76,176,81.0,102.5
Caleb,Swanigan,2017,F,,80,246,87.0,108.0
Sindarius,Thornwell,2017,G,F,76,212,82.0,103.0
Melo,Trimble,2017,G,,73,195,74.0,95.5
Derrick,Walton Jr.,2017,G,,71,189,74.5,95.0
Thomas,Welsh,2017,F,C,84,254,84.0,109.5
Derrick,White,2017,G,,75,190,79.5,101.5
Nigel,Williams-Goss,2017,G,,74,190,79.25,99.0
D.J.,Wilson,2017,F,,81,234,87.0,109.5
Omer,Yurtseven,2017,C,,82,248,85.0,108.5
Ron,Baker,2016,G,,75,212,81.75,97.5
Wade,Baldwin IV,2016,G,,74,202,83.25,100.0
Cat,Barber,2016,G,,74,173,77.5,95.5
Malik,Beasley,2016,G,,76,190,79.0,100.5
DeAndre,Bembry,2016,G,F,76,207,81.25,101.0
Ben,Bentil,2016,F,,79,229,85.5,105.0
Joel,Bolomboy,2016,F,,80,224,85.75,103.5
Malcolm,Brogdon,2016,G,,76,223,82.5,98.0
Jaylen,Brown,2016,G,F,77,223,83.75,102.5
Marquese,Chriss,2016,F,,81,233,84.25,105.0
Elgin,Cook,2016,F,,77,210,82.0,100.5
Isaiah,Cousins,2016,G,,75,194,78.25,98.5
Deyonta,Davis,2016,F,,81,237,86.5,108.5
Cheick,Diallo,2016,F,,80,219,88.5,107.5
Kris,Dunn,2016,G,,75,,81.5,100.0
Henry,Ellenson,2016,F,,82,242,86.25,108.0
Perry,Ellis,2016,F,,79,218,82.25,102.0
Kay,Felder,2016,G,,68,177,74.5,88.5
Dorian,Finney-Smith,2016,F,,78,213,83.75,105.5
Michael,Gbinije,2016,G,,78,205,79.5,101.0
Daniel,Hamilton,2016,G,F,78,197,81.0,103.5
Josh,Hart,2016,G,,76,204,80.5,99.5
Buddy,Hield,2016,G,,76,212,81.25,101.0
Demetrius,Jackson,2016,G,,72,194,77.5,93.0
Brice,Johnson,2016,F,,81,209,84.5,106.5
Damian,Jones,2016,C,,82,244,87.75,107.0
Skal,Labissiere,2016,F,C,82,216,86.5,105.5
Jake,Layman,2016,F,,80,209,81.25,102.0
Marcus,Lee,2016,F,C,81,211,87.0,107.5
Caris,LeVert,2016,G,,78,191,82.0,101.0
Thon,Maker,2016,F,,84,216,87.0,110.5
Patrick,McCaw,2016,G,G,77,181,82.0,100.5
Georges,Niang,2016,F,,79,231,82.0,103.0
Chinanu,Onuaku,2016,C,,81,245,86.75,108.5
Marcus,Paige,2016,G,,72,164,78.25,97.0
Gary,Payton II,2016,G,,74,184,80.0,99.5
Jakob,Poeltl,2016,C,,84,239,86.75,111.5
Taurean,Prince,2016,F,,78,220,83.5,102.0
Zhou,Qi,2016,F,C,85,218,91.75,112.5
Malachi,Richardson,2016,G,F,77,200,84.0,101.5
Wayne,Selden,2016,G,,76,232,82.5,101.0
Pascal,Siakam,2016,F,,80,227,87.25,107.5
Diamond,Stone,2016,C,,81,254,86.75,108.5
Tyler,Ulis,2016,G,,69,149,74.0,88.5
Jarrod,Uthoff,2016,F,,80,214,83.5,104.0
Denzel,Valentine,2016,G,F,76,210,82.75,102.0
Isaiah,Whitehead,2016,G,G,75,210,80.75,100.0
Troy,Williams,2016,F,,78,218,80.25,102.0
Kyle,Wiltjer,2016,F,,81,243,84.25,102.5
Stephen,Zimmerman,2016,C,,82,234,87.25,108.5
Cliff,Alexander,2015,F,C,79,239,87.5,109.5
Justin,Anderson,2015,G,F,77,231,83.75,101.0
Brandon,Ashley,2015,F,,79,228,87.75,105.0
Ryan,Boatright,2015,G,,70,170,72.5,92.5
Devin,Booker,2015,G,,76,206,80.25,102.5
Anthony,Brown,2015,G,F,78,211,83.0,104.5
Willie,Cauley-Stein,2015,C,,83,242,87.0,111.0
Rakeem,Christmas,2015,F,C,80,243,89.25,110.5
Pat,Connaughton,2015,G,,76,215,80.0,96.0
Quinn,Cook,2015,G,,72,179,76.0,96.5
Branden,Dawson,2015,F,,78,230,83.0,105.0
Sam,Dekker,2015,F,,80,219,83.5,106.0
Michael,Frazier II,2015,G,,76,199,80.0,101.5
Treveon,Graham,2015,F,,76,219,82.5,103.0
Jerian,Grant,2015,G,,75,198,79.5,100.0
Olivier,Hanlan,2015,G,G,75,186,78.0,100.0
Montrezl,Harrell,2015,F,,79,253,88.25,109.0
Aaron,Harrison,2015,G,,76,209,80.25,100.5
Andrew,Harrison,2015,G,,76,213,81.0,100.0
Tyler,Harvey,2015,G,,75,181,77.5,98.5
Corey,Hawkins,2015,G,G,73,192,80.0,99.5
Rondae,Hollis-Jefferson,2015,F,,78,211,86.0,104.0
Jonathan,Holmes,2015,F,F,80,242,83.5,107.5
Richaun,Holmes,2015,F,,80,243,85.5,108.0
R.J.,Hunter,2015,G,,76,185,82.5,104.0
Vince,Hunter,2015,F,,79,208,83.0,104.5
Dakari,Johnson,2015,C,,83,265,86.0,112.0
Stanley,Johnson,2015,F,,77,242,83.5,102.0
Tyus,Jones,2015,G,,72,185,77.0,97.0
Frank,Kaminsky,2015,F,C,84,231,83.0,109.5
Kevon,Looney,2015,F,,80,222,87.5,110.0
Trey,Lyles,2015,F,,81,241,85.5,108.0
Jarell,Martin,2015,F,,80,239,81.0,106.5
TJ,McConnell,2015,G,,72,188,74.0,96.5
Chris,McCullough,2015,F,,80,199,87.25,109.0
Jordan,Mickey,2015,F,,79,238,87.25,106.0
Larry,Nance,2015,F,,80,227,85.5,108.0
Kelly,Oubre,2015,G,F,78,203,86.25,102.5
Cameron,Payne,2015,G,,73,183,79.25,97.5
Terran,Petteway,2015,G,,77,209,83.25,104.5
Bobby,Portis,2015,F,,82,246,86.0,108.5
Norman,Powell,2015,G,,75,215,82.75,102.5
Michael,Qualls,2015,G,F,76,201,84.25,104.5
Chasson,Randle,2015,G,,72,179,79.0,96.5
Terry,Rozier,2015,G,G,72,190,80.25,98.5
D'Angelo,Russell,2015,G,G,75,193,81.75,102.0
Keifer,Sykes,2015,G,,70,167,74.0,93.0
Marcus A.,Thornton,2015,G,G,74,177,79.75,97.5
J.P.,Tokoto,2015,G,F,77,196,82.0,100.5
Myles,Turner,2015,F,C,82,239,88.0,112.0
Robert,Upshaw,2015,C,,83,258,89.5,113.0
Rashad,Vaughn,2015,G,,76,199,79.0,101.0
Chris,Walker,2015,F,,81,208,86.75,108.0
Dez,Wells,2015,G,,75,209,81.5,100.5
Alan,Williams,2015,F,,79,261,85.75,106.5
Justise,Winslow,2015,F,,76,222,82.25,104.5
Christian,Wood,2015,F,,81,216,87.25,111.5
Delon,Wright,2015,G,,76,181,79.5,101.5
Jordan,Adams,2014,G,,76,209,82.0,102.0
Kyle,Anderson,2014,F,,80,230,86.75,107.5
Thanasis,Antetokounmpo,2014,F,,77,205,84.0,104.5
Jordan,Bachynski,2014,F,,85,254,88.0,108.5
Cameron,Bairstow,2014,F,,81,252,84.75,107.0
Khem,Birch,2014,F,,80,209,85.0,107.0
Alec,Brown,2014,F,,84,231,85.5,109.0
Jabari,Brown,2014,G,,75,202,80.25,100.0
Markel,Brown,2014,G,,74,184,80.75,100.0
Deonte,Burton,2014,G,,72,193,79.0,97.5
Semaj,Christon,2014,G,,74,186,78.5,99.0
Jordan,Clarkson,2014,G,,75,186,80.0,98.0
Aaron,Craft,2014,G,,73,192,74.0,94.5
DeAndre,Daniels,2014,F,,79,196,86.0,106.5
Spencer,Dinwiddie,2014,G,,76,205,80.25,103.0
Cleanthony,Early,2014,F,,78,209,82.75,101.5
Melvin,Ejim,2014,F,,77,218,83.25,103.5
Tyler,Ennis,2014,G,,73,182,79.25,98.0
Dante,Exum,2014,G,,76,196,81.5,103.0
C.J.,Fair,2014,F,,78,218,81.5,104.0
Aaron,Gordon,2014,F,,80,220,83.75,105.0
Jerami,Grant,2014,F,,78,214,86.75,107.0
P.J.,Hairston,2014,G,,76,229,81.0,101.0
Gary,Harris,2014,G,,74,205,78.75,96.0
Joe,Harris,2014,G,,77,215,78.0,100.0
Rodney,Hood,2014,F,,79,208,80.5,103.0
Cory,Jefferson,2014,F,,80,218,84.5,105.0
Nick,Johnson,2014,G,,74,198,79.25,96.5
Sean,Kilpatrick,2014,G,,74,219,79.0,99.0
Alex,Kirk,2014,F,,81,252,87.5,109.5
Zach,LaVine,2014,G,,76,181,80.25,100.0
Devyn,Marble,2014,G,,77,192,81.0,102.0
James,McAdoo,2014,F,,80,228,86.25,106.5
K.J.,McDaniels,2014,F,,76,196,83.25,102.0
Doug,McDermott,2014,F,,78,218,81.25,103.0
Jordan,McRae,2014,G,,76,179,84.5,104.0
Shabazz,Napier,2014,G,,71,175,75.25,93.0
Johnny,O'Bryant III,2014,F,,79,257,86.25,105.0
Lamar,Patterson,2014,G,,76,226,83.0,101.0
Adreian,Payne,2014,F,,81,238,88.0,109.0
Elfrid,Payton,2014,G,,74,185,80.0,98.5
Dwight,Powell,2014,F,,82,234,84.5,105.0
Julius,Randle,2014,F,,80,250,84.0,105.5
Glenn,Robinson III,2014,F,,78,211,82.0,100.5
LaQuinton,Ross,2014,F,,78,239,85.75,106.0
Marcus,Smart,2014,G,,74,227,81.25,99.0
Russ,Smith,2014,G,,72,160,75.5,95.0
Nik,Stauskas,2014,G,,77,207,79.75,102.0
Jarnell,Stokes,2014,F,,79,263,85.25,103.5
Xavier,Thames,2014,G,,74,187,76.0,96.0
Noah,Vonleh,2014,F,,80,247,88.25,108.0
T.J.,Warren,2014,F,,79,220,82.25,104.0
C.J.,Wilcox,2014,G,,76,201,81.75,100.5
Kendall,Williams,2014,G,,74,183,77.5,99.0
James,Young,2014,G,,77,213,84.0,104.0
Patric,Young,2014,F,,80,247,85.75,103.5
Steven,Adams,2013,C,,83,254,88.5,109.5
Vander,Blue,2013,G,,76,197,78.0,100.5
Lorenzo,Brown,2013,G,,76,189,79.0,100.0
Reggie,Bullock,2013,G,F,78,200,80.75,102.0
Trey,Burke,2013,G,,72,187,77.5,97.5
Kentavious,Caldwell-Pope,2013,G,,76,204,80.0,100.5
Isaiah,Canaan,2013,G,,71,188,76.5,94.5
Jackie,Carmichael,2013,F,,80,241,85.5,107.0
Michael,Carter-Williams,2013,G,,77,184,79.25,101.0
Will,Clyburn,2013,G,F,78,210,84.25,105.0
Robert,Covington,2013,F,F,78,209,85.75,106.0
Allen,Crabbe,2013,G,,77,197,83.25,103.5
Seth,Curry,2013,G,,73,179,76.0,97.5
Brandon,Davies,2013,F,,80,242,85.5,108.5
Dewayne,Dedmon,2013,C,,82,239,88.0,109.0
Gorgui,Dieng,2013,C,,82,230,87.5,111.5
James,Ennis,2013,F,,78,201,83.5,104.5
Carrick,Felix,2013,G,F,77,203,81.25,103.5
Jamaal,Franklin,2013,G,F,76,191,83.25,103.5
Rudy,Gobert,2013,C,,84,238,92.5,115.0
Archie,Goodwin,2013,G,,76,189,81.5,102.0
Erick,Green,2013,G,,74,178,77.75,98.0
Tim,Hardaway Jr.,2013,G,,76,199,79.0,101.0
Solomon,Hill,2013,F,,78,226,81.0,103.0
Richard,Howell,2013,F,,78,250,82.25,105.5
Colton,Iverson,2013,C,,82,263,86.0,110.0
Pierre,Jackson,2013,G,,70,176,70.0,90.0
Grant,Jerrett,2013,F,,81,232,86.0,109.0
Myck,Kabongo,2013,G,,73,180,78.25,98.0
Kenny,Kadji,2013,F,C,81,242,87.0,106.5
Ryan,Kelly,2013,F,,82,228,83.5,110.0
Shane,Larkin,2013,G,,70,171,70.75,89.5
Ricky,Ledo,2013,G,,77,197,79.25,102.5
Alex,Len,2013,C,,,,87.5,
CJ,Leslie,2013,F,F,80,209,86.25,104.5
Trevor,Mbakwe,2013,F,,79,236,88.0,106.5
Ray,McCallum,2013,G,,72,191,75.25,96.5
CJ,McCollum,2013,G,G,74,197,78.25,96.5
Ben,McLemore,2013,G,,76,189,79.75,100.5
Tony,Mitchell,2013,F,F,80,236,86.5,106.5
Shabazz,Muhammad,2013,G,F,77,222,83.0,104.5
Erik,Murphy,2013,F,,81,240,82.5,108.0
Mike,Muscala,2013,F,C,82,230,85.0,108.0
Nerlens,Noel,2013,C,,82,206,87.75,110.0
Victor,Oladipo,2013,G,,75,213,81.25,100.5
Kelly,Olynyk,2013,F,C,83,234,81.75,108.0
Brandon,Paul,2013,G,,75,201,82.25,98.0
Norvel,Pelle,2013,F,C,82,207,86.5,109.0
Mason,Plumlee,2013,F,C,83,238,83.0,108.0
Otto,Porter,2013,F,,80,198,85.5,105.5
Phil,Pressey,2013,G,,70,177,74.25,92.0
Glen,Rice,2013,G,F,76,211,81.25,101.5
Andre,Roberson,2013,F,F,78,206,83.0,104.5
Dennis,Schroder,2013,G,,73,165,79.75,98.0
Peyton,Siva,2013,G,,72,181,75.0,93.0
Tony,Snell,2013,G,F,78,198,83.5,105.5
James,Southerland,2013,F,F,79,221,85.0,106.0
Adonis,Thomas,2013,F,,77,232,85.0,99.0
Deshaun,Thomas,2013,F,,77,220,82.0,104.0
Jeff,Withey,2013,C,,83,222,86.0,110.5
Nate,Wolters,2013,G,,76,196,75.75,98.0
BJ,Young,2013,G,G,74,179,80.25,99.0
Cody,Zeller,2013,F,C,83,230,82.75,106.0
Quincy,Acy,2012,F,,78,224,86.75,106.5
Harrison,Barnes,2012,G,F,79,228,83.25,101.5
Will,Barton,2012,G,F,77,174,81.75,102.5
Bradley,Beal,2012,G,,75,202,80.0,100.0
J'Covan,Brown,2012,G,,73,202,77.25,96.0
William,Buford,2012,G,F,76,215,81.5,102.0
Jae,Crowder,2012,F,,77,241,81.25,99.5
Jared,Cunningham,2012,G,G,76,188,78.5,98.0
Anthony,Davis,2012,F,C,81,222,89.5,108.0
Marcus,Denmon,2012,G,,74,188,77.0,94.5
Andre,Drummond,2012,C,,82,279,90.25,109.5
Kim,English,2012,G,,76,192,78.5,98.0
Festus,Ezeli,2012,F,C,82,264,89.75,108.0
Drew,Gordon,2012,F,,80,239,83.5,103.5
Draymond,Green,2012,F,F,78,236,85.25,105.0
JaMychal,Green,2012,F,,80,217,86.25,106.5
Maurice,Harkless,2012,F,,79,207,84.0,102.5
John,Henson,2012,F,,81,216,89.0,112.0
Tu,Holloway,2012,G,,70,187,77.5,94.5
Robbie,Hummel,2012,F,,79,218,80.5,102.0
Bernard,James,2012,F,,81,230,87.0,108.5
John,Jenkins,2012,G,,75,212,80.5,98.0
Darius,Johnson-Odom,2012,G,,74,212,79.0,96.0
Orlando,Johnson,2012,G,,76,224,83.25,99.0
Kevin,Jones,2012,F,,78,251,85.5,105.0
Perry,Jones,2012,F,F,82,234,85.75,107.0
Terrence,Jones,2012,F,F,80,252,86.25,107.0
Kris,Joseph,2012,G,,78,215,83.0,104.0
Michael,Kidd-Gilchrist,2012,F,,78,233,84.0,104.5
Doron,Lamb,2012,G,G,75,199,78.75,98.5
Jeremy,Lamb,2012,G,,76,179,83.0,102.0
Meyers,Leonard,2012,C,,84,250,87.0,108.0
Damian,Lillard,2012,G,,74,189,79.75,95.5
Scott,Machado,2012,G,,73,206,76.0,94.5
Kendall,Marshall,2012,G,,75,198,77.5,96.0
Fab,Melo,2012,C,,83,255,86.5,110.0
Khris,Middleton,2012,F,,79,216,82.75,103.0
Darius,Miller,2012,G,F,78,233,81.0,101.0
Quincy,Miller,2012,F,,81,219,85.25,105.0
Arnett,Moultrie,2012,F,,82,233,86.25,106.5
Kevin,Murphy,2012,G,,77,194,78.75,99.0
Andrew,Nicholson,2012,F,,80,234,88.0,107.0
Kyle,O'Quinn,2012,F,,80,241,88.75,106.5
Miles,Plumlee,2012,F,C,82,252,84.75,105.5
Austin,Rivers,2012,G,G,76,203,79.25,96.5
Thomas,Robinson,2012,F,,80,244,87.25,106.0
Terrence,Ross,2012,G,F,78,197,79.25,100.5
Tomas,Satoransky,2012,G,G,78,201,79.25,100.0
Mike,Scott,2012,F,,79,241,82.75,104.0
Henry,Sims,2012,F,C,82,241,88.0,108.0
Jared,Sullinger,2012,F,,80,268,85.25,105.5
Jeff,Taylor,2012,G,F,78,213,78.25,101.5
Jordan,Taylor,2012,G,,73,193,75.0,92.5
Tyshawn,Taylor,2012,G,,75,177,78.25,97.5
Marquis,Teague,2012,G,,73,180,79.25,96.5
Hollis,Thompson,2012,F,,79,206,81.5,102.5
Dion,Waiters,2012,G,,74,221,79.25,98.0
Royce,White,2012,F,,79,261,84.0,104.5
Tony,Wroten,2012,G,,77,203,81.0,101.0
Tyler,Zeller,2012,F,C,83,247,84.0,104.5
Keith,Benson,2011,F,C,82,217,87.75,109.5
Marshon,Brooks,2011,G,,76,195,85.0,101.0
Alec,Burks,2011,G,,77,193,82.0,103.5
Jimmy,Butler,2011,F,,78,222,79.5,101.5
Norris,Cole,2011,G,,72,174,74.25,95.5
Jon,Diebler,2011,G,,77,197,78.0,99.0
Michael,Dunigan,2011,F,C,80,238,87.25,107.5
LaceDarius,Dunn,2011,G,,75,188,78.25,101.0
Kenneth,Faried,2011,F,,78,225,84.0,108.0
James,Fredette,2011,G,,73,196,76.5,96.5
Andrew,Goudelock,2011,G,,73,198,76.25,96.5
Jordan,Hamilton,2011,F,,79,228,81.5,104.0
Justin,Harper,2011,F,F,80,228,83.75,106.0
Tobias,Harris,2011,F,F,78,223,83.0,103.5
Tyler,Honeycutt,2011,F,,79,187,81.0,105.0
Scotty,Hopson,2011,G,,78,205,82.5,103.5
Kyrie,Irving,2011,G,,74,191,76.0,99.0
Rick,Jackson,2011,F,,80,242,86.0,106.5
Charles,Jenkins,2011,G,G,74,216,79.5,96.5
JaJuan,Johnson,2011,F,,81,220,86.0,107.5
Cory,Joseph,2011,G,,74,186,77.5,99.0
Enes,Kanter,2011,F,C,82,259,85.5,109.5
Brandon,Knight,2011,G,,74,177,78.75,98.5
Malcolm,Lee,2011,G,,76,198,81.75,101.5
Kawhi,Leonard,2011,F,,78,227,87.0,106.0
Travis,Leslie,2011,G,,75,205,82.5,103.0
Jon,Leuer,2011,F,,82,223,84.0,105.5
DeAndre,Liggins,2011,G,F,77,202,83.0,103.5
David,Lighty,2011,G,,77,216,80.0,101.0
Shelvin,Mack,2011,G,,73,209,79.5,96.5
Demetri,McCamey,2011,G,,74,204,78.25,99.5
E'Twaun,Moore,2011,G,,74,191,81.5,99.5
Darius,Morris,2011,G,G,75,190,79.5,102.0
Marcus,Morris,2011,F,F,79,230,82.0,105.5
Markieff,Morris,2011,F,,80,241,82.75,106.5
Chandler,Parsons,2011,F,,81,221,81.5,104.5
Jereme,Richmond,2011,F,,78,207,82.25,106.5
Josh,Selby,2011,G,G,74,195,77.25,98.0
Iman,Shumpert,2011,G,G,76,222,81.5,99.5
Kyle,Singler,2011,F,,80,228,82.1,106.0
Chris,Singleton,2011,F,,80,230,85.0,103.5
Jamie,Skeen,2011,F,,78,242,85.25,106.5
Gregory,Smith,2011,F,C,80,253,86.5,106.5
Nolan,Smith,2011,G,,74,188,77.5,99.0
Isaiah,Thomas,2011,G,,69,186,73.75,91.5
Malcolm,Thomas,2011,F,,80,223,84.5,107.5
Trey,Thompkins,2011,F,,80,239,85.0,107.5
Klay,Thompson,2011,G,,78,206,81.0,103.5
Tristan,Thompson,2011,F,,80,227,85.25,108.5
Jeremy,Tyler,2011,F,C,81,262,89.0,110.5
Nikola,Vucevic,2011,F,C,82,260,88.5,112.5
Kemba,Walker,2011,G,,72,184,75.5,91.5
Derrick,Williams,2011,F,F,79,248,85.5,108.0
Jordan,Williams,2011,F,,80,247,84.25,106.5
Solomon,Alabi,2010,C,,84,237,89.0,113.0
Cole,Aldrich,2010,C,,81,236,88.75,111.5
Al-Farouq,Aminu,2010,F,,79,216,87.25,108.5
James,Anderson,2010,F,,77,208,80.5,104.0
Luke,Babbitt,2010,F,F,80,218,83.25,104.5
Eric,Bledsoe,2010,G,,72,192,79.5,98.0
Trevor,Booker,2010,F,,78,236,81.75,106.0
Craig,Brackins,2010,F,F,80,229,84.0,109.0
Avery,Bradley,2010,G,G,74,180,79.25,98.5
Derrick,Caracter,2010,F,,80,280,84.25,107.5
Sherron,Collins,2010,G,,70,217,74.5,94.0
DeMarcus,Cousins,2010,C,,82,292,89.75,113.0
Jordan,Crawford,2010,G,,75,198,79.0,101.0
Ed,Davis,2010,F,,81,227,84.0,108.0
Devin,Ebanks,2010,F,,79,208,84.25,107.5
Derrick,Favors,2010,F,,81,245,88.0,110.0
Keith,Gallon,2010,F,C,80,302,88.5,109.5
Charles,Garcia,2010,F,,80,232,85.75,107.5
Paul,George,2010,F,,80,214,83.25,107.0
Luke,Harangody,2010,F,,78,240,81.5,106.0
Manny,Harris,2010,G,,76,185,79.25,102.0
Gordon,Hayward,2010,F,,79,211,79.75,103.0
Lazar,Hayward,2010,G,F,76,226,84.75,102.0
Xavier,Henry,2010,G,,77,210,83.25,105.0
Darington,Hobson,2010,G,F,77,204,81.25,104.5
Damion,James,2010,F,,78,227,84.75,107.0
Armon,Johnson,2010,G,G,74,195,80.0,99.5
Wesley,Johnson,2010,F,,78,206,85.0,106.0
Dominique,Jones,2010,G,,75,216,81.25,101.0
Jerome,Jordan,2010,C,,84,244,89.25,113.0
Sylven,Landesberg,2010,G,,77,210,81.0,100.5
Gani,Lawal,2010,F,,80,233,84.0,107.5
Greg,Monroe,2010,F,C,82,247,86.25,108.5
Daniel,Orton,2010,C,,81,269,88.25,110.5
Artsiom,Parakhouski,2010,C,,82,268,85.0,109.5
Patrick,Patterson,2010,F,,80,240,85.25,107.0
Dexter,Pittman,2010,F,C,82,303,90.0,111.0
Andy,Rautins,2010,G,,76,192,79.0,100.0
Ryan,Richards,2010,F,,82,230,85.5,110.0
Stanley,Robinson,2010,F,,78,213,84.0,107.5
Larry,Sanders,2010,F,C,81,222,89.75,112.0
Jon,Scheyer,2010,G,G,77,180,75.25,99.0
Lance,Stephenson,2010,G,,76,227,82.5,103.0
Mikhail,Torrance,2010,G,,76,209,79.5,103.0
Evan,Turner,2010,G,,78,214,80.0,103.5
Ekpe,Udoh,2010,F,,81,237,88.5,106.5
Jarvis,Varnado,2010,F,C,80,210,87.5,109.5
Greivis,Vasquez,2010,G,G,77,211,79.0,101.0
John,Wall,2010,G,,75,196,81.25,101.5
Willie,Warren,2010,G,G,74,208,78.0,99.5
Terrico,White,2010,G,G,76,203,81.0,101.0
Hassan,Whiteside,2010,F,C,82,227,91.0,113.0
Jeff,Adrien,2009,F,,77,236,86.0,107.5
Jeff,Ayres,2009,F,,81,240,85.0,107.0
Rodrigue,Beaubois,2009,G,,73,182,81.75,100.0
DeJuan,Blair,2009,F,,77,277,86.0,106.5
Derrick,Brown,2009,F,F,80,225,86.5,107.5
Chase,Budinger,2009,G,F,78,206,79.0,101.0
DeMarre,Carroll,2009,F,F,78,207,82.0,105.0
Omri,Casspi,2009,F,,80,211,81.25,106.5
Dionte,Christmas,2009,G,,76,211,81.0,102.5
Earl,Clark,2009,F,F,80,228,86.5,109.5
Darren,Collison,2009,G,,72,166,75.0,96.5
Dante,Cunningham,2009,F,,79,227,83.0,106.5
Stephen,Curry,2009,G,G,74,181,75.5,97.0
Austin,Daye,2009,F,F,82,192,86.75,110.0
DeMar,DeRozan,2009,G,F,78,211,81.0,102.5
Toney,Douglas,2009,G,,73,183,78.0,97.5
Wayne,Ellington,2009,G,,76,202,78.5,100.0
Tyreke,Evans,2009,G,G,76,221,83.25,104.0
Jonny,Flynn,2009,G,,71,196,76.0,95.5
Taj,Gibson,2009,F,,80,214,88.0,109.0
Danny,Green,2009,G,F,77,208,82.0,103.0
Blake,Griffin,2009,F,,80,248,83.25,105.0
Tyler,Hansbrough,2009,F,,80,234,83.5,106.0
James,Harden,2009,G,,76,222,82.75,103.5
Gerald,Henderson,2009,G,F,76,215,82.25,102.5
Josh,Heytvelt,2009,F,C,82,246,85.25,108.0
Jordan,Hill,2009,F,C,81,232,85.5,108.0
Jrue,Holiday,2009,G,G,75,199,79.0,100.5
Joe,Ingles,2009,F,,80,209,82.25,105.0
James,Johnson,2009,F,F,79,257,84.75,105.5
Ty,Lawson,2009,G,,71,197,72.75,94.5
Eric,Maynor,2009,G,,74,164,74.5,97.0
Jack,McClinton,2009,G,G,72,185,74.5,96.0
Jerel,McNeal,2009,G,,74,190,79.25,99.5
Jodie,Meeks,2009,G,,75,211,76.5,98.0
Patty,Mills,2009,G,,71,175,74.0,95.0
Byron,Mullens,2009,C,,84,258,85.5,111.0
A.J.,Price,2009,G,,72,193,75.75,97.0
Tyler,Smith,2009,F,,77,212,81.75,104.5
DaJuan,Summers,2009,F,,79,243,84.75,106.5
Jermaine,Taylor,2009,G,,76,207,80.75,101.0
Jeff,Teague,2009,G,,72,175,79.5,98.5
Hasheem,Thabeet,2009,C,,85,267,90.25,113.0
Marcus T.,Thornton,2009,G,,75,194,77.0,99.0
Terrence,Williams,2009,G,F,77,213,81.0,103.5
Sam,Young,2009,G,F,77,223,82.75,105.5
Joe,Alexander,2008,F,F,79,220,83.5,106.0
Darrell,Arthur,2008,F,,80,216,82.75,107.0
D.J.,Augustin,2008,G,,70,172,75.5,94.5
Jerryd,Bayless,2008,G,G,74,204,75.5,97.0
Michael,Beasley,2008,F,F,79,239,84.25,107.0
Ramel,Bradley,2008,G,G,73,184,77.0,98.0
Tyrone,Brazelton,2008,G,,70,166,73.75,94.0
Takais,Brown,2008,F,,79,252,82.0,106.0
Keith,Brumbaugh,2008,F,F,80,190,79.25,104.5
Stanley,Burrell,2008,G,,74,201,78.25,97.5
Brian,Butch,2008,F,C,82,230,83.25,108.0
Jamar,Butler,2008,G,,72,182,76.75,97.0
Pat,Calathes,2008,F,F,81,204,81.75,106.0
Joe,Crawford,2008,G,,75,213,77.75,99.5
Chris,Daniels,2008,F,C,80,256,84.5,109.0
Joey,Dorsey,2008,F,C,78,265,85.75,107.0
Marcus,Dove,2008,F,F,79,208,83.5,105.0
Josh,Duncan,2008,F,,80,230,83.5,104.5
Frank,Elegar,2008,F,,79,210,87.25,106.0
Patrick,Ewing Jr.,2008,F,F,78,224,84.25,97.5
Gary,Forbes,2008,G,,76,220,83.25,104.5
Shan,Foster,2008,G,,76,194,83.5,103.5
J.R.,Giddens,2008,G,,76,208,83.25,103.0
James,Gist,2008,F,,79,220,88.0,107.5
Vladimir,Golubovic,2008,C,,83,258,86.5,111.5
Eric,Gordon,2008,G,,74,222,81.0,99.0
Kentrell,Gransberry,2008,C,,79,290,82.25,106.0
Donte,Greene,2008,F,F,80,221,82.0,108.0
Malik,Hairston,2008,G,,76,204,81.0,103.5
DeVon,Hardin,2008,F,C,82,235,87.0,109.5
Richard,Hendrix,2008,F,,79,250,87.0,108.0
George,Hill,2008,G,,73,181,81.0,97.5
Kyle,Hines,2008,F,F,76,234,85.25,104.5
Jiri,Hubalek,2008,F,C,82,226,82.75,109.0
Lester,Hudson,2008,G,,72,196,80.75,98.5
Othello,Hunter,2008,F,F,78,220,87.0,109.5
Darnell,Jackson,2008,F,,79,240,83.25,106.5
Shawn,James,2008,F,,80,217,89.0,111.0
Davon,Jefferson,2008,F,,77,213,81.5,105.0
Joseph,Jones,2008,F,,79,240,84.25,107.0
DeAndre,Jordan,2008,C,,82,250,90.0,113.5
Sasha,Kaun,2008,F,C,81,247,88.0,110.0
Marcelus,Kemp,2008,G,,75,221,80.5,103.5
Maarty,Leunen,2008,F,,79,222,80.0,102.5
Longar,Longar,2008,C,,81,212,85.25,109.5
Brook,Lopez,2008,C,,83,258,89.5,113.0
Kevin,Love,2008,F,,80,255,83.25,106.0
Aleks,Maric,2008,C,,82,273,85.0,109.5
O.J.,Mayo,2008,G,G,75,200,78.0,99.5
James,Mays,2008,F,,79,227,85.75,105.0
Luc,Mbah a Moute,2008,F,,78,221,86.5,103.5
JaVale,McGee,2008,F,C,83,241,90.0,114.5
Drew,Neitzel,2008,G,,72,176,74.5,95.0
DeMarcus,Nelson,2008,G,G,73,198,82.0,98.5
David,Padgett,2008,F,C,82,240,85.0,109.5
Jeremy,Pargo,2008,G,,72,208,77.0,96.0
Trent,Plaisted,2008,F,,81,240,82.5,105.5
Quan,Prowell,2008,F,F,79,226,82.5,103.5
Shaun,Pruitt,2008,F,C,80,242,85.0,107.5
Anthony,Randolph,2008,F,F,81,197,87.0,109.0
Charles,Rhodes,2008,F,,79,244,83.25,107.5
John,Riek,2008,C,,82,237,92.75,
Brian,Roberts,2008,G,,72,173,73.25,95.0
Russell,Robinson,2008,G,,72,196,80.0,100.5
Richard,Roby,2008,G,F,76,203,81.75,104.0
Derrick,Rose,2008,G,,74,196,80.0,98.5
Sean,Singletary,2008,G,,71,184,76.5,95.0
Ronald,Steele,2008,G,,72,184,76.25,97.5
Bryce,Taylor,2008,G,,75,210,81.0,99.5
Mike,Taylor,2008,G,G,73,166,79.25,98.0
Mark,Tyndale,2008,G,F,75,217,83.0,103.5
Robert,Vaden,2008,G,,76,199,80.0,101.0
Deron,Washington,2008,F,,77,198,81.0,102.5
Sonny,Weems,2008,G,F,76,193,82.0,104.0
Russell,Westbrook,2008,G,,74,192,79.75,100.0
Reggie,Williams,2008,G,,75,199,81.25,103.0
Mohamed,Abukar,2007,F,,80,210,81.0,103.0
Mario,Boggan,2007,F,,77,240,86.0,107.0
Craig,Bradshaw,2007,F,,80,240,85.5,106.5
Corey,Brewer,2007,G,F,78,185,80.25,103.0
Aaron,Brooks,2007,G,,70,161,76.0,94.0
Bobby,Brown,2007,G,,71,170,76.0,95.5
Russell,Carter,2007,G,,75,221,80.5,97.5
Coleman,Collins,2007,F,,80,236,86.0,107.0
Mike,Conley,2007,G,,71,175,77.75,94.5
Daequan,Cook,2007,G,,75,203,80.25,101.5
Ryvon,Covile,2007,F,C,79,250,85.25,107.5
Javaris,Crittenton,2007,G,,75,194,77.5,98.0
Jermareo,Davidson,2007,F,,81,230,88.0,109.5
Justin,Doellman,2007,F,,80,205,80.75,105.0
Zabian,Dowdell,2007,G,,73,191,82.0,100.0
Jared,Dudley,2007,F,,77,219,79.0,102.0
Kevin,Durant,2007,F,F,81,215,88.75,110.0
Rashaun,Freeman,2007,F,,78,244,83.5,104.0
Aaron,Gray,2007,C,,84,271,87.25,108.5
Caleb,Green,2007,F,,78,238,83.75,103.0
Jeff,Green,2007,F,,79,228,85.25,103.0
Taurean,Green,2007,G,,71,173,74.25,96.0
Spencer,Hawes,2007,F,,82,244,84.5,110.0
Brandon,Heath,2007,G,,74,181,79.0,94.0
Herbert,Hill,2007,C,,79,232,86.25,108.5
Al,Horford,2007,F,,80,246,84.75,107.0
Quinton,Hosley,2007,G,F,77,215,83.25,105.0
James,Hughes,2007,C,,81,209,87.0,111.0
Jeremy,Hunt,2007,G,,74,198,80.25,101.5
Ekene,Ibekwe,2007,F,,80,208,90.0,104.0
Dominic,James,2007,G,,70,175,74.0,93.0
Trey,Johnson,2007,G,,75,216,77.0,98.0
Rashad,Jones-Jennings,2007,F,,78,235,84.0,105.5
Jared,Jordan,2007,G,,72,183,72.0,94.0
Coby,Karl,2007,G,G,75,204,83.0,99.5
Antanas,Kavaliauskas,2007,F,,81,237,82.5,106.5
Carl,Landry,2007,F,,79,248,83.0,102.5
Stephane,Lasme,2007,F,,77,213,86.0,107.0
Acie,Law,2007,G,,74,186,78.5,98.0
Marko,Lekic,2007,C,,81,267,85.0,108.5
Ron,Lewis,2007,G,,74,194,78.5,99.0
Cartier,Martin,2007,F,,76,218,82.0,103.5
Dominic,McGuire,2007,F,,79,220,82.5,104.0
Josh,McRoberts,2007,F,,80,240,85.0,106.5
Sammy,Mejia,2007,G,,77,218,83.0,105.0
Brad,Newley,2007,G,,77,201,80.0,102.5
Demetris,Nichols,2007,F,,78,211,84.25,105.0
Joakim,Noah,2007,F,,82,223,85.25,106.5
Greg,Oden,2007,C,,83,257,88.25,112.0
Ivan,Radenovic,2007,F,,81,226,83.75,106.0
JR,Reynolds,2007,G,,72,188,75.25,95.0
Chris,Richard,2007,F,,79,252,88.5,110.5
Dustin,Salisbery,2007,G,,75,208,80.0,100.5
Blake,Schilb,2007,G,,77,214,81.0,102.5
Renaldas,Seibutis,2007,G,,76,185,80.75,101.0
Ramon,Sessions,2007,G,,74,185,76.25,97.5
Mustafa,Shakur,2007,G,,75,185,77.5,99.0
Jason,Smith,2007,F,,83,233,82.75,106.0
DJ,Strawberry,2007,G,,76,199,78.5,101.0
Rodney,Stuckey,2007,G,G,76,207,79.25,100.5
Curtis,Sumpter,2007,F,,78,227,81.5,104.0
Yue,Sun,2007,F,,80,212,81.0,105.0
Jamaal,Tatum,2007,G,,72,168,74.5,93.5
Reyshawn,Terry,2007,F,,79,222,82.0,103.5
Al,Thornton,2007,F,,78,221,85.0,104.0
Anthony,Tolliver,2007,F,,79,242,86.5,107.5
Ali,Traore,2007,F,C,81,249,88.0,108.5
Kyle,Visser,2007,C,,82,242,83.0,108.0
Darryl,Watkins,2007,C,,81,241,87.0,110.0
Major,Wingate,2007,C,,80,242,88.0,109.0
DaShaun,Wood,2007,G,,71,167,72.75,92.0
Brandan,Wright,2007,F,,81,200,87.75,108.5
Julian,Wright,2007,F,F,78,211,86.25,108.0
Avis,Wyatt,2007,F,,81,212,85.0,107.0
Nick,Young,2007,G,F,77,206,84.0,100.5
Thaddeus,Young,2007,F,,78,210,83.5,106.0
Kenny,Adeleke,2006,F,C,78,250,82.25,104.0
Maurice,Ager,2006,G,G,75,203,79.75,101.5
LaMarcus,Aldridge,2006,F,C,82,234,88.75,110.0
Morris,Almond,2006,G,F,77,214,82.0,102.5
Lou,Amundson,2006,F,,79,221,83.5,103.5
Rashad,Anderson,2006,G,,75,224,79.0,100.0
Hilton,Armstrong,2006,F,C,82,240,88.0,109.0
James,Augustine,2006,F,,80,227,84.25,104.0
Renaldo,Balkman,2006,F,F,77,206,85.0,104.5
J.P.,Batista,2006,F,,80,265,82.0,103.5
Will,Blalock,2006,G,,71,194,78.0,96.5
Brandon,Bowman,2006,F,,79,209,83.5,103.0
Ronnie,Brewer,2006,G,G,78,223,83.25,103.5
Denham,Brown,2006,G,F,76,218,81.5,102.5
Brad,Buckman,2006,F,,79,238,84.0,107.5
Nik,Caner-Medley,2006,F,,78,234,81.0,103.0
Rodney,Carney,2006,G,F,76,204,82.0,103.5
Keydren,Clark,2006,G,,69,184,74.5,92.5
Mardy,Collins,2006,G,G,76,224,82.0,103.0
Taquan,Dean,2006,G,G,74,183,78.75,98.0
Terence,Dials,2006,F,C,80,253,84.0,106.0
Sean,Dockery,2006,G,G,73,182,76.5,95.5
Jordan,Farmar,2006,G,,73,171,75.0,94.5
Randy,Foye,2006,G,G,74,212,78.25,97.0
Torin,Francis,2006,F,C,81,247,85.0,105.5
Rudy,Gay,2006,F,F,79,222,87.0,107.5
Nick,George,2006,G,F,76,201,82.0,103.0
Taj,Gray,2006,F,F,79,231,84.75,107.0
Dan,Grunfeld,2006,G,F,77,216,78.25,99.0
Matt,Haryasz,2006,F,C,82,219,84.25,107.5
Eric,Hicks,2006,F,,77,238,85.5,105.5
Tedric,Hill,2006,F,F,80,236,85.0,107.0
Daniel,Horton,2006,G,G,72,198,79.0,96.5
Bobby,Jones,2006,G,F,78,211,81.5,101.5
Solomon,Jones,2006,F,C,80,224,88.75,109.0
Viktor,Keyru,2006,G,G,77,202,81.25,104.0
Marco,Killingsworth,2006,F,,78,266,87.0,104.0
Tarence,Kinsey,2006,G,F,77,179,78.75,100.5
Carl,Krauser,2006,G,,72,190,78.25,97.0
Chris,McCray,2006,G,,75,187,77.75,96.5
Gerry,McNamara,2006,G,G,72,177,72.75,92.5
Pops,Mensah-Bonsu,2006,F,C,80,232,84.0,105.5
Paul,Miller,2006,F,C,80,251,84.0,101.5
Paul,Millsap,2006,F,,78,258,85.5,105.5
Dwayne,Mitchell,2006,G,F,74,208,78.5,98.5
Adam,Morrison,2006,F,,78,198,82.0,105.0
Yemi,Nicholson,2006,F,C,80,258,88.25,107.0
David,Noel,2006,G,F,76,223,81.5,100.0
Steve,Novak,2006,F,,80,216,81.5,103.0
Patrick,O'Bryant,2006,C,,83,249,89.75,113.0
Danilo,Pinnock,2006,G,G,75,204,79.5,100.5
Chris,Quinn,2006,G,G,72,175,77.0,94.0
Allan,Ray,2006,G,,73,204,80.5,99.5
JJ,Redick,2006,G,,76,190,75.25,97.5
Antywane,Robinson,2006,F,F,78,217,86.5,105.5
Brandon,Roy,2006,G,F,77,207,80.0,101.0
Mouhamed,Sene,2006,C,,83,237,92.5,113.0
Cedric,Simmons,2006,F,C,80,223,88.25,108.5
Marcus,Slaughter,2006,F,F,79,220,83.5,104.5
Craig,Smith,2006,F,,78,259,81.5,103.5
Steven,Smith,2006,F,F,80,238,84.5,104.0
Michael,Southhall,2006,C,,82,241,88.25,107.5
Frans,Steyn,2006,C,,85,280,86.25,109.0
Curtis,Stinson,2006,G,,74,208,77.0,97.5
Tyrus,Thomas,2006,F,F,79,217,87.0,108.0
Joah,Tucker,2006,G,F,76,224,78.5,99.5
Ian,Vouyoukas,2006,F,C,80,267,84.75,108.5
Darius,Washington,2006,G,,72,195,76.0,96.0
CJ,Watson,2006,G,,72,171,78.0,96.0
Eric,Williams,2006,F,C,79,285,88.25,106.5
Justin,Williams,2006,F,C,79,211,85.5,109.0
Marcus,Williams,2006,G,,74,215,79.0,97.5
Shawne,Williams,2006,F,F,79,227,87.0,104.0
Shelden,Williams,2006,F,C,80,258,88.25,104.0
Curtis,Withers,2006,F,F,78,227,82.0,101.0
Alex,Acker,2005,G,,76,183,84.0,102.5
Deji,Akindele,2005,F,C,82,236,87.0,108.5
Mustafa,Al-Sayyad,2005,F,C,,,,
Nemanja,Aleksandrov,2005,F,F,82,221,83.0,110.0
Alan,Anderson,2005,G,F,76,223,81.5,104.0
Martynas,Andriuskevicius,2005,F,C,85,228,83.25,112.5
Sean,Banks,2005,F,,78,206,85.0,108.0
Eddie,Basden,2005,G,F,76,210,82.25,101.0
Mike,Bell,2005,F,F,81,206,85.5,104.5
Andrew,Bogut,2005,F,C,83,251,87.0,110.5
Dee,Brown,2005,G,G,71,179,74.0,94.0
Will,Bynum,2005,G,G,70,189,75.5,93.0
Marcus,Campbell,2005,C,,82,280,90.0,114.0
Will,Conroy,2005,G,,73,189,75.0,96.5
Taylor,Coppenrath,2005,F,F,80,252,83.5,106.5
Travis,Diener,2005,G,G,72,165,71.75,93.5
Ike,Diogu,2005,F,,78,255,87.5,109.0
Daryl,Dorsey,2005,G,,71,161,71.5,94.0
Monta,Ellis,2005,G,G,74,177,74.75,98.0
Raymond,Felton,2005,G,,72,199,76.25,98.0
Rudy,Fernandez,2005,G,,77,172,79.5,101.5
D'Or,Fischer,2005,F,C,81,242,90.0,110.5
Eddy,Fobbs,2005,F,C,82,235,90.75,111.5
Sharrod,Ford,2005,F,,79,213,85.5,106.0
Channing,Frye,2005,F,C,82,244,86.5,110.5
Deng,Gai,2005,F,C,80,214,88.5,110.5
Francisco,Garcia,2005,G,F,78,190,82.75,103.0
John,Gilchrist,2005,G,,73,195,81.25,96.5
Marcin,Gortat,2005,F,C,83,225,87.5,110.0
Joey,Graham,2005,F,,77,217,80.0,104.0
Danny,Granger,2005,F,,80,225,85.5,103.0
Gerald,Green,2005,F,,78,192,81.75,104.0
Charles,Hayes,2005,F,F,78,232,82.0,104.5
Luther,Head,2005,G,G,74,179,77.25,98.5
Julius,Hodge,2005,G,F,78,202,84.5,107.5
Jared,Homan,2005,F,C,80,248,85.25,104.5
Ersan,Ilyasova,2005,F,,80,209,85.25,109.5
Jarrett,Jack,2005,G,,74,198,79.5,100.0
Dwayne,Jones,2005,F,C,80,242,86.75,108.5
Mindaugas,Katelynas,2005,F,F,80,217,83.0,105.5
Jason,Klotz,2005,F,C,80,249,82.0,107.5
Keith,Langford,2005,G,F,74,203,81.0,101.0
David,Lee,2005,F,,80,230,84.0,106.5
John,Lucas III,2005,G,,69,154,72.0,92.0
David,Lucas,2005,F,,78,233,84.0,103.5
Rawle,Marshall,2005,G,F,76,187,85.0,104.0
Jason,Maxiell,2005,F,,77,258,87.25,107.0
Sean,May,2005,F,,79,259,85.25,105.0
Rashad,McCants,2005,G,,75,201,82.75,103.5
Ivan,McFarlin,2005,F,,78,229,81.0,105.5
Juan,Mendez,2005,F,F,77,231,84.0,106.5
Aaron,Miles,2005,G,,72,175,75.5,94.0
Ellis,Myles,2005,F,,78,255,81.75,105.5
Larry,O'Bannon,2005,G,,75,196,78.0,99.5
Drago,Pasalic,2005,F,F,82,239,83.75,108.5
Chris,Paul,2005,G,,72,178,76.25,93.0
Kevin,Pittsnogle,2005,F,,81,259,82.5,106.0
Carlos,Powell,2005,F,F,77,222,82.75,105.0
Roger,Powell,2005,F,,77,219,83.5,104.0
Ronnie,Price,2005,G,,73,185,77.5,96.5
Anthony,Roberson,2005,G,,73,179,74.75,95.0
Brandon,Rush,2005,G,F,77,211,83.25,104.5
Luke,Schenscher,2005,C,,84,242,89.0,111.5
Wayne,Simien,2005,F,,79,256,84.0,107.0
Tre,Simmons,2005,G,F,76,194,79.5,102.5
David,Simon,2005,F,C,80,259,87.5,108.0
Chris,Taft,2005,F,,80,261,85.75,109.0
Chris,Thomas,2005,G,,72,176,75.0,95.0
Omar,Thomas,2005,G,F,75,200,80.0,102.0
Dijon,Thompson,2005,G,F,78,196,81.75,105.5
Ronny,Turiaf,2005,F,,80,238,85.5,106.5
Charlie,Villanueva,2005,F,F,81,237,84.25,109.0
Hakim,Warrick,2005,F,F,79,215,86.0,108.0
Martell,Webster,2005,F,,78,230,83.0,106.0
Robert,Whaley,2005,F,C,80,269,86.0,108.0
Deron,Williams,2005,G,,74,202,78.25,98.0
Jawad,Williams,2005,F,,79,218,85.25,106.5
Marvin,Williams,2005,F,F,79,228,87.5,108.0
Antoine,Wright,2005,G,F,77,203,80.75,104.5
Bracey,Wright,2005,G,G,73,187,82.0,100.5
Tony,Allen,2004,G,,76,214,81.0,102.0
Trevor,Ariza,2004,G,F,79,201,86.0,107.5
Andre,Barrett,2004,G,,69,171,73.0,92.0
Brandon,Bass,2004,F,,78,246,86.5,106.5
Andris,Biedrins,2004,C,,,,,
Tony,Bobbitt,2004,G,,75,185,79.0,100.0
Brian,Boddicker,2004,F,F,80,230,82.0,105.5
Tim,Bowers,2004,G,G,72,181,81.0,98.0
Andre,Brown,2004,F,C,80,236,83.0,107.0
Antonio,Burks,2004,G,,72,191,78.5,96.5
Jackie,Butler,2004,C,,80,263,85.5,109.0
Aleksandar,Capin,2004,G,,72,176,73.5,94.0
Ales,Chan,2004,C,,84,255,87.0,113.0
Josh,Childress,2004,G,F,78,196,83.0,105.0
TJ,Cummings,2004,F,,80,215,81.5,106.5
Erik,Daniels,2004,F,F,78,223,83.0,106.0
Luol,Deng,2004,F,,79,220,84.5,108.5
Marcus,Douthit,2004,F,C,82,223,88.0,111.5
Chris,Duhon,2004,G,,72,193,78.5,98.0
John,Edwards,2004,C,,83,264,88.5,113.0
Andre,Emmett,2004,G,F,76,216,81.0,100.0
Desmon,Farmer,2004,G,,76,214,80.5,103.0
Luis,Flores,2004,G,G,72,202,79.5,98.5
Matt,Freije,2004,F,F,80,234,85.0,108.5
Chris,Garnett,2004,F,C,80,260,85.0,108.0
Ryan,Gomes,2004,F,F,78,248,86.0,106.5
Ben,Gordon,2004,G,G,73,192,80.5,99.0
Devin,Harris,2004,G,,74,170,79.5,98.5
Dwight,Howard,2004,F,C,81,240,88.5,111.5
Rolando,Howell,2004,F,,80,229,84.5,107.0
Kris,Humphries,2004,F,,80,238,84.5,106.5
Andre,Iguodala,2004,G,F,78,217,83.0,105.5
Martin,Iti,2004,F,C,80,233,89.0,111.5
Luke,Jackson,2004,G,F,78,212,80.5,103.0
Al,Jefferson,2004,F,F,80,263,86.5,110.0
Arthur,Johnson,2004,F,C,79,262,87.0,109.0
Ivan,Koljevic,2004,G,,73,172,74.5,95.0
Herve,Lamizana,2004,F,F,80,210,85.5,107.0
Sergei,Lishouk,2004,F,F,82,244,84.0,109.5
Shaun,Livingston,2004,G,G,78,186,83.0,105.5
Jaime,Lloreda,2004,F,,79,247,81.5,107.0
Bryant,Matthews,2004,G,F,78,206,84.5,105.5
Marcus,Melvin,2004,F,F,79,241,84.0,105.5
Rich,Melzer,2004,F,F,80,229,86.0,107.0
Ricky,Minard,2004,G,G,75,198,79.0,101.5
James,Moore,2004,F,F,78,198,84.5,107.0
Marcus,Moore,2004,G,G,76,202,81.0,101.5
Michel,Morandais,2004,G,F,76,205,83.5,102.0
Jameer,Nelson,2004,G,,71,199,74.5,95.0
Misan,Nikagbatse,2004,G,G,76,223,82.0,102.0
Emeka,Okafor,2004,F,C,81,257,88.0,110.5
Randall,Orr,2004,F,F,81,193,82.5,107.5
Dylan,Page,2004,F,,80,239,79.0,105.0
Rickey,Paulding,2004,G,,75,210,81.5,101.5
Kelvin,Pena,2004,G,G,74,182,78.5,99.5
Tim,Pickett,2004,G,G,75,207,79.5,100.5
Omar,Quintero,2004,G,,70,170,71.5,92.5
Peter,Ramos,2004,C,,86,266,89.5,111.5
Jared,Reiner,2004,F,C,82,246,84.5,109.0
Lawrence,Roberts,2004,F,,80,233,81.5,106.5
Bernard,Robinson,2004,G,F,77,208,82.0,102.0
Nate,Robinson,2004,G,,68,181,73.0,91.5
Aerick,Sanders,2004,F,,78,205,83.5,106.0
Romain,Sato,2004,G,,74,204,83.0,102.5
Blagota,Sekulic,2004,F,F,81,234,83.0,107.0
J.R.,Smith,2004,G,F,78,227,82.0,104.0
Josh,Smith,2004,G,F,79,221,84.0,106.5
Kirk,Snyder,2004,G,F,78,228,81.0,104.0
Pape,Sow,2004,F,C,80,233,86.0,108.5
Tiago,Splitter,2004,F,C,82,233,86.0,109.5
Blake,Stepp,2004,G,,,,,
Tom,Timmerrmans,2004,F,C,82,272,83.0,107.5
Marko,Tomas,2004,G,G,78,198,79.0,103.5
Beno,Udrih,2004,G,,74,199,76.5,98.0
Jackson,Vroman,2004,F,C,81,226,84.0,105.5
Delonte,West,2004,G,G,74,183,78.0,99.5
Damien,Wilkins,2004,G,F,76,222,84.0,106.0
Mike,Williams,2004,F,,78,197,83.5,105.5
Nate,Williams,2004,F,F,80,240,85.5,109.5
Rashad,Wright,2004,G,,72,190,82.0,98.5
Aloysius,Anagonye,2003,F,,79,257,86.5,106.0
Rick,Anderson,2003,F,F,80,216,83.0,106.5
Carmelo,Anthony,2003,F,,78,233,84.0,105.5
Jerome,Beasley,2003,F,F,81,237,84.5,107.0
Troy,Bell,2003,G,,72,178,77.0,97.5
LaVell,Blanchard,2003,F,,78,205,78.0,101.5
Keith,Bogans,2003,G,,76,213,81.25,101.0
Matt,Bonner,2003,F,F,80,242,80.75,105.5
Chris,Bosh,2003,F,,82,225,87.5,109.0
Jermaine,Boyette,2003,G,G,73,187,76.0,96.0
Souleymane,Camara,2003,F,F,82,211,86.25,109.0
Matt,Carroll,2003,G,F,77,207,78.5,98.5
Nick,Collison,2003,F,,81,255,85.5,108.0
Brian,Cook,2003,F,F,82,234,86.0,109.0
Joel,Cornette,2003,F,F,80,239,81.25,105.5
Marquis,Daniels,2003,G,G,77,198,82.0,103.5
Aleksander,Djuric,2003,F,C,82,253,84.0,108.0
Ruben,Douglas,2003,G,,76,193,79.25,100.5
Ronald,Dupree,2003,G,F,78,209,80.25,101.0
Carl,English,2003,G,G,76,201,77.25,98.5
Ebi,Ere,2003,G,,76,210,82.5,102.0
Marquis,Estill,2003,F,C,80,257,88.0,108.0
T.J.,Ford,2003,G,,71,162,71.5,93.5
Jason,Gardner,2003,G,,70,194,73.0,92.0
Willie,Green,2003,G,G,74,201,79.25,100.0
Justin,Hamilton,2003,G,G,75,217,83.0,103.0
Travis,Hansen,2003,G,,76,200,78.5,100.5
Trevor,Harvey,2003,F,C,82,245,85.0,109.5
Marcus,Hatten,2003,G,,73,163,78.25,98.0
Kirk,Hinrich,2003,G,G,75,186,78.0,98.5
Jerry,Holman,2003,F,,81,232,87.25,109.5
Sam,Hoskin,2003,F,,79,261,82.75,107.5
Josh,Howard,2003,G,F,77,202,86.0,105.5
Brandon,Hunter,2003,F,,78,266,86.75,105.5
Sani,Ibrahim,2003,F,C,80,229,85.0,109.5
Michael,Ignerski,2003,F,F,82,232,82.75,107.0
Robert,Jackson,2003,F,C,80,254,84.0,107.5
LeBron,James,2003,G,F,79,245,84.25,106.3
Britton,Johnsen,2003,F,F,82,212,82.75,107.5
Dahntay,Jones,2003,G,F,77,214,81.0,102.5
James,Jones,2003,F,,79,218,86.5,107.5
Chris,Kaman,2003,F,C,84,252,83.75,110.5
Jason,Kapono,2003,G,F,78,215,78.5,102.0
Jason,Keep,2003,F,C,82,270,84.5,106.5
Bernard,King,2003,G,G,76,200,77.5,98.5
Brandin,Knight,2003,G,,72,190,78.0,95.5
Kyle,Korver,2003,F,,78,211,81.5,102.5
James,Lang,2003,F,C,80,316,90.25,110.0
Donald,Little,2003,F,C,82,229,87.0,97.0
Chris,Marcus,2003,C,,84,334,92.0,114.0
Chris,Massie,2003,F,C,78,259,85.0,106.5
Will,McDonald,2003,F,C,82,258,87.5,109.5
Darko,Milicic,2003,F,,84,250,89.0,111.5
Jeff,Newton,2003,F,,80,199,85.0,106.0
Uche,Nsonwu-Amadi,2003,F,C,80,246,87.75,106.5
Ugonna,Okyekwe,2003,F,,79,228,87.0,109.0
Marlon,Parmer,2003,G,,73,184,75.5,97.0
Stephane,Pelle,2003,F,F,79,246,86.0,107.0
Kirk,Penney,2003,G,F,77,218,77.25,97.0
Pavel,Podkolzin,2003,C,,88,303,89.75,116.0
Josh,Powell,2003,F,F,80,227,85.0,107.5
Hollis,Price,2003,G,G,72,165,76.5,94.5
Luke,Ridnour,2003,G,,73,167,75.0,95.5
Joe,Shipp,2003,G,,76,224,82.0,103.0
Ron,Slay,2003,F,F,78,236,82.0,103.5
Theron,Smith,2003,F,F,78,234,82.25,104.5
Tommy,Smith,2003,F,F,81,200,86.5,107.5
Marvin,Stone,2003,F,C,82,261,87.5,109.5
Michael,Sweetney,2003,F,,79,262,85.0,107.5
Sasha,Vujacic,2003,G,G,78,193,77.5,101.0
Dwyane,Wade,2003,G,F,76,212,82.75,102.0
Wayne,Wallace,2003,F,,79,187,86.0,108.0
Luke,Walton,2003,F,F,80,235,80.5,104.0
David,West,2003,F,F,80,226,88.25,108.3
Mo,Williams,2003,G,G,73,189,77.5,98.5
Wesley,Wilson,2003,F,C,82,257,87.0,110.5
Doug,Wrenn,2003,F,F,78,220,91.5,100.5
Derrick,Zimmerman,2003,G,,73,190,81.0,96.3
Robert,Archibald,2002,F,C,82,250,83.75,109.5
Maurice,Baker,2002,G,,72,178,76.0,96.0
Matt,Barnes,2002,F,,79,226,81.0,96.5
Lubos,Barton,2002,G,F,78,221,84.0,107.0
Lonny,Baxter,2002,F,C,78,264,85.5,107.5
Lee,Benson,2002,F,F,80,217,85.75,109.0
Carlos,Boozer,2002,F,,80,258,86.25,108.5
Curtis,Borchardt,2002,C,,83,238,86.5,112.0
J.R.,Bremer,2002,G,G,73,188,74.25,96.0
Brian,Brown,2002,G,G,74,194,79.0,99.0
Sylvere,Bryan,2002,F,,81,226,88.5,109.5
Chris,Burgess,2002,C,,82,246,83.5,109.0
Caron,Butler,2002,G,F,77,222,83.5,103.5
Rasual,Butler,2002,F,,79,198,84.0,105.5
Mire,Chatman,2002,G,G,72,174,78.0,98.0
Chris,Christoffersen,2002,C,,85,291,87.5,109.0
Lenny,Cooke,2002,G,F,78,214,85.0,107.0
Craig,Dawson,2002,G,F,76,200,78.25,102.0
Mike,Dunleavy,2002,F,,80,230,81.0,106.0
Teddy,Dupay,2002,G,,70,178,70.75,90.5
Corsley,Edwards,2002,F,,79,285,82.75,106.5
Andy,Ellis,2002,F,,81,220,82.25,102.0
Melvin,Ely,2002,F,,81,240,88.0,111.0
Reggie,Evans,2002,F,,80,250,86.5,107.5
Peter,Fehse,2002,F,C,82,220,84.5,109.0
Drew,Gooden,2002,F,,81,227,84.5,106.5
David,Graves,2002,G,,76,212,79.0,101.0
Lynn,Greer,2002,G,,72,170,73.0,94.5
Rod,Grizzard,2002,G,F,78,193,84.0,107.0
Anthony,Grundy,2002,G,G,73,167,79.75,99.0
Marcus,Haislip,2002,F,,80,221,84.0,107.0
Damon,Hancock,2002,G,G,75,203,78.0,99.5
Greg,Harrington,2002,G,,73,183,75.75,97.0
Udonis,Haslem,2002,F,,80,250,83.0,107.0
Cordell,Henry,2002,G,,68,155,73.0,92.0
Randy,Holcomb,2002,F,F,79,225,85.0,105.0
Ryan,Humphrey,2002,F,F,78,223,84.0,104.5
Jared,Jeffries,2002,F,,82,230,84.5,109.0
Jason,Jennings,2002,C,,83,249,91.0,111.0
Fred,Jones,2002,G,,74,218,84.0,100.0
Lonnie,Jones,2002,F,C,82,230,86.25,112.0
Mario,Kasun,2002,C,,84,260,83.5,109.0
Sean,Kennedy,2002,G,,73,182,74.5,96.0
Kris,Lang,2002,F,C,81,242,83.75,109.0
Muhammed,Lasege,2002,F,C,81,228,86.0,108.5
Steve,Logan,2002,G,,70,207,71.75,92.5
Kevin,Lyde,2002,F,C,81,278,86.0,109.5
Tito,Maddox,2002,G,,75,200,77.0,99.0
Kei,Madison,2002,F,,80,216,84.5,107.0
Immanuel,McElroy,2002,G,,74,191,78.5,100.0
Aaron,McGhee,2002,F,F,79,255,82.0,105.5
Elvin,Mims,2002,G,F,76,211,85.5,105.5
Byron,Mouton,2002,G,F,76,213,82.25,102.0
Ronald,Murray,2002,G,,75,197,79.5,100.5
,Nene,2002,F,,81,253,88.5,109.0
Uche,Okafor,2002,F,C,81,229,89.5,112.0
Chris,Owens,2002,F,F,79,237,83.5,104.0
Jannero,Pargo,2002,G,,72,168,74.5,96.0
Smush,Parker,2002,G,G,74,179,82.0,107.5
Luke,Recker,2002,G,F,77,198,79.0,101.0
Rolan,Roberts,2002,F,,78,241,85.0,105.5
Travis,Robinson,2002,F,,77,211,82.5,104.5
Kareem,Rush,2002,G,F,77,199,81.75,103.5
Brooks,Sales,2002,F,C,81,232,82.0,108.0
John,Salmons,2002,G,F,78,207,82.25,104.0
Predrag,Savovic,2002,G,,77,212,79.0,102.0
Julian,Sensley,2002,F,F,79,228,83.5,105.5
Israel,Sheinfeld,2002,F,C,80,239,81.75,106.5
Preston,Shumpert,2002,F,,78,197,80.5,103.5
Tamar,Slay,2002,F,,79,203,83.5,104.0
Darius,Songaila,2002,F,,80,240,85.0,108.5
Amar'e,Stoudemire,2002,F,,80,233,85.75,108.5
Marcus,Taylor,2002,G,,73,181,76.5,98.5
Jobey,Thomas,2002,G,,75,183,77.75,99.5
Dajuan,Wagner,2002,G,G,73,193,74.0,99.0
Chris,Wilcox,2002,F,C,80,218,85.0,107.5
Frank,Williams,2002,G,,74,212,80.0,100.5
George,Williams,2002,F,F,78,214,84.5,103.0
Jay,Williams,2002,G,,72,197,75.5,97.0
Qyntel,Woods,2002,G,F,79,213,82.0,105.0
Vincent,Yarbrough,2002,F,,78,202,84.5,104.5
Adam,Allenspach,2001,C,,84,259,84.5,107.0
Gilbert,Arenas,2001,G,,74,199,81.5,99.5
Brandon,Armstrong,2001,G,,76,188,81.5,99.5
Shane,Battier,2001,F,F,80,229,82.5,105.0
Cookie,Belcher,2001,G,G,75,206,80.5,99.0
Charlie,Bell,2001,G,,74,200,79.5,97.5
Ruben,Boumtje-Boumtje,2001,C,,84,245,88.0,111.0
Calvin,Bowman,2001,F,,81,214,83.5,104.0
Michael,Bradley,2001,F,,82,227,85.5,107.0
Jamison,Brewer,2001,G,,74,178,80.75,102.5
Damone,Brown,2001,F,,80,202,83.75,104.5
Kwame,Brown,2001,F,C,82,243,85.0,108.0
SirValiant,Brown,2001,G,,71,176,76.0,92.5
Ryan,Carroll,2001,G,F,76,202,80.25,99.0
Tyson,Chandler,2001,F,F,84,224,87.0,110.0
Eric,Chenowith,2001,C,,85,264,88.0,111.0
Sam,Clancy,2001,F,,78,242,86.75,107.0
Gyasi,Cline-Heard,2001,F,,78,231,83.5,103.0
Jarron,Collins,2001,F,C,81,252,87.0,104.0
Jason,Collins,2001,F,C,82,251,88.5,110.0
Omar,Cook,2001,G,,72,189,77.5,92.0
Eddy,Curry,2001,C,,82,301,90.5,111.0
Tate,Decker,2001,F,,81,218,83.75,107.0
DeSagana,Diop,2001,C,,82,314,90.5,113.0
Robb,Dryden,2001,C,,85,241,86.5,110.3
Anthony,Evans,2001,F,,78,267,83.5,101.5
Maurice,Evans,2001,G,,76,221,80.0,101.0
Benjamin,Eze,2001,F,C,81,232,90.0,109.0
Kimani,Ffriend,2001,F,C,82,228,82.75,108.5
Alton,Ford,2001,F,,80,271,82.5,102.5
Joseph,Forte,2001,G,,76,193,78.5,100.5
Jerry,Green,2001,G,G,74,179,78.25,99.0
Kenny,Gregory,2001,F,,76,200,83.25,101.0
Eddie,Griffin,2001,F,F,81,222,87.0,110.0
Trenton,Hassell,2001,G,F,76,205,80.0,99.5
Kirk,Haston,2001,F,F,80,242,84.25,106.0
Charles,Hathaway,2001,C,,80,274,86.0,107.5
Brendan,Haywood,2001,C,,84,266,90.5,113.5
Michael,Hicks,2001,G,,76,197,81.25,100.5
Steven,Hunter,2001,F,C,82,224,88.0,108.0
Andre,Hutson,2001,F,,80,244,83.75,105.5
Nate,James,2001,F,,77,196,82.75,103.0
Richard,Jefferson,2001,F,,79,223,84.0,103.0
Horace,Jenkins,2001,G,,72,171,77.25,97.0
Darrell,Johns,2001,C,,83,278,89.0,111.5
Joe,Johnson,2001,G,F,79,226,81.0,105.0
Ken,Johnson,2001,C,,83,227,88.0,109.5
Darren,Kelly,2001,G,G,74,178,78.75,100.0
Sean,Lampley,2001,F,,78,213,81.25,101.0
Zach,Marbury,2001,G,G,73,183,75.5,96.5
Mike,Mardesich,2001,F,C,82,247,84.5,108.5
DeMarcus,Minor,2001,G,,75,207,80.25,99.5
Jamario,Moon,2001,F,,78,185,83.5,103.0
Troy,Murphy,2001,F,,82,230,83.0,105.5
Troy,Ostler,2001,F,F,81,200,85.5,106.5
Lazaros,Papadopoulos,2001,F,C,82,227,86.5,110.5
Rashad,Phillips,2001,G,,69,166,73.5,92.0
Demetrius,Porter,2001,G,,71,178,74.75,94.0
Martin,Rancik,2001,F,F,81,230,80.0,102.5
Jason,Richardson,2001,G,F,77,213,83.5,102.5
Norman,Richardson,2001,G,,76,180,76.5,99.0
Jeryl,Sasser,2001,G,G,78,194,82.5,103.5
Kenny,Satterfield,2001,G,,73,176,76.5,98.0
Brian,Scalabrine,2001,F,F,81,241,81.75,105.5
Lee,Scruggs,2001,F,F,82,209,89.75,110.5
Bobby,Simmons,2001,F,,78,235,84.25,105.0
Will,Solomon,2001,G,G,72,172,81.5,99.5
Greg,Stevenson,2001,F,,76,215,84.5,102.0
Damone,Thornton,2001,F,,79,235,85.75,103.8
Jamaal,Tinsley,2001,G,,73,199,79.5,97.5
Tory,Walker,2001,F,,79,187,83.25,104.5
Souleymane,Wane,2001,C,,80,235,89.0,109.0
Earl,Watson,2001,G,,72,184,78.75,97.0
Rodney,White,2001,F,,80,243,83.5,104.5
Loren,Woods,2001,F,C,85,246,89.5,113.0
Brent,Wright,2001,F,F,80,236,85.5,105.5
Michael,Wright,2001,F,,79,247,83.5,106.5
Malik,Allen,2000,F,C,80,271,86.5,109.0
Harold,Arceneaux,2000,G,F,76,219,80.5,103.0
Lamont,Barnes,2000,F,C,80,236,87.5,108.0
Mario,Bland,2000,F,,78,287,84.0,103.0
Primoz,Brezec,2000,C,,85,243,86.0,110.0
Ernest,Brown,2000,C,,82,222,85.25,109.5
Speedy,Claxton,2000,G,,70,166,72.0,94.5
Eric,Coley,2000,G,F,76,205,83.0,102.0
Ed,Cota,2000,G,,72,189,76.0,96.5
Schea,Cotton,2000,F,,76,220,79.0,100.0
Jamal,Crawford,2000,G,G,76,175,82.0,102.5
Caswell,Cyrus,2000,F,,80,220,86.0,107.5
Julius,Doc Robinson,2000,G,,72,184,75.75,95.5
Khalid,El-Amin,2000,G,,69,200,73.5,93.0
Vassil,Evtimov,2000,F,,82,262,82.5,106.5
Antonis,Fotsis,2000,F,,81,219,80.5,106.0
Eddie,Gill,2000,G,,72,176,76.0,93.0
Ceedric,Goodwyn,2000,F,F,78,238,82.0,104.5
Marcus,Goree,2000,F,F,80,239,84.5,105.5
A.J.,Granger,2000,F,,80,227,81.5,103.0
A.J.,Guyton,2000,G,G,73,175,75.75,97.5
Ron,Hale,2000,G,F,80,202,83.0,104.5
Jason,Hart,2000,G,,74,181,78.0,97.5
Donnell,Harvey,2000,F,,79,220,84.5,105.5
Johnny,Hemsley,2000,G,F,75,200,80.0,100.5
Michael,Hermon,2000,G,G,75,195,78.25,98.5
Cory,Hightower,2000,G,F,78,183,83.0,101.5
Shaheen,Holloway,2000,G,,70,174,70.0,91.0
Eddie,House,2000,G,G,72,176,75.5,95.0
Jimmie,Hunter,2000,G,G,75,170,80.0,100.0
Jacob,Jaacks,2000,F,,81,238,83.0,105.5
Marko,Jaric,2000,G,F,78,210,81.0,104.0
Nate,Johnson,2000,F,,78,212,80.5,104.0
Kenyon,Jones,2000,F,C,81,282,85.0,108.0
Mark,Karcher,2000,G,,76,218,80.0,102.5
Brandon,Kurtz,2000,F,C,82,257,83.25,106.5
Dan,Langhi,2000,F,,81,198,80.0,104.0
Justin,Love,2000,G,G,74,206,76.5,97.5
Mark,Madsen,2000,F,,80,236,84.5,104.5
Dan,McClintock,2000,F,C,83,250,85.5,107.0
Pete,Mickeal,2000,G,F,77,222,81.5,103.5
Brian,Montonati,2000,F,,81,215,82.5,106.0
Gabe,Muoneke,2000,F,F,78,244,84.5,105.0
Ndongo,N'diaye,2000,C,,84,208,87.5,112.5
Eduardo,Najera,2000,F,F,78,234,83.5,104.5
Matthew,Nielsen,2000,F,,81,223,82.5,106.0
Chris,Porter,2000,F,F,78,214,81.5,103.5
Lavor,Postell,2000,G,,76,205,80.5,101.5
Igor,Rakocevic,2000,G,,74,184,77.25,100.0
Reed,Rawlings,2000,G,F,78,218,81.25,104.0
Michael,Redd,2000,G,F,77,214,81.0,102.0
Damon,Reed,2000,F,C,80,228,81.5,104.5
Aubrey,Reese,2000,G,,71,189,77.5,94.5
Terrance,Roberson,2000,F,,78,209,80.0,103.5
Pepe,Sanchez,2000,G,,75,194,75.5,96.0
Matt,Santangelo,2000,G,,72,177,75.0,94.0
Alex,Scales,2000,G,G,74,184,81.0,97.5
Karim,Shabazz,2000,C,,84,224,87.0,111.5
Nick,Sheppard,2000,F,C,82,273,83.0,107.5
Jabari,Smith,2000,F,C,82,240,86.5,109.5
Mike,Smith,2000,F,,78,198,80.5,103.0
Jarrett,Stephens,2000,F,,77,258,81.25,103.0
Bootsy,Thornton,2000,G,,76,194,78.5,101.5
Jaquay,Walls,2000,G,,73,166,74.5,96.5
Jameel,Watkins,2000,F,C,82,244,90.0,110.0
